dosya,tuval_genislik,tuval_boy,bbox,kare_sayisi,boy_orani,en_orani,alt_bosluk_orani,yatay_merkez_orani,boy,en,ayak,merkez,olcek,x,y
akis_bekleme,517,460,"[111, 228, 389, 459]",1,0.5021739130434782,0.5377176015473888,0.002173913043478261,0.4835589941972921,0.44680851063829785,0.5377176015473888,0.9980657640232108,0.4835589941972921,0.9437229437229437,0.015515754393897518,0.001825382869870338
akis_gorunme,517,460,"[111, 299, 405, 459]",1,0.34782608695652173,0.5686653771760155,0.002173913043478261,0.4990328820116054,0.30947775628626695,0.5686653771760155,0.9980657640232108,0.4990328820116054,1.3624999999999998,0.0013176982591876496,0.0026353965183753
akis_kuculme,517,460,"[114, 175, 403, 459]",1,0.6173913043478261,0.5589941972920697,0.002173913043478261,0.5,0.5493230174081238,0.5589941972920697,0.9980657640232108,0.5,0.7676056338028168,0.0,0.001484730432887493
akis_normal,517,460,"[92, 17, 424, 459]",1,0.9608695652173913,0.6421663442940039,0.002173913043478261,0.4990328820116054,0.8549323017408124,0.6421663442940039,0.9980657640232108,0.4990328820116054,0.4932126696832579,0.00047699484495478117,0.000953989689909611
akis_suzulme,517,460,"[75, 66, 442, 459]",1,0.8543478260869565,0.7098646034816247,0.002173913043478261,0.5,0.7601547388781431,0.7098646034816247,0.9980657640232108,0.5,0.55470737913486,0.0,0.0010729349693130994
akis_tutunma,517,460,"[95, 186, 421, 459]",1,0.5934782608695652,0.6305609284332688,0.002173913043478261,0.4990328820116054,0.528046421663443,0.6305609284332688,0.9980657640232108,0.4990328820116054,0.7985347985347985,0.0007722773680220452,0.0015445547360441322
durum_bakis,512,512,"[163, 408, 307, 511]",1,0.201171875,0.28125,0.001953125,0.458984375,0.201171875,0.28125,0.998046875,0.458984375,2.0960357551970854,0.08597021652175546,0.004093819834369307
durum_dusunme,512,512,"[166, 403, 310, 511]",1,0.2109375,0.28125,0.001953125,0.46484375,0.2109375,0.28125,0.998046875,0.46484375,1.9989970628268499,0.07027724049000644,0.003904291138333691
durum_etkilesim,512,512,"[168, 401, 300, 511]",1,0.21484375,0.2578125,0.001953125,0.45703125,0.21484375,0.2578125,0.998046875,0.45703125,1.9626516616845435,0.08433268858800774,0.003833304026727624
durum_goz_kirpma,512,512,"[157, 396, 313, 511]",1,0.224609375,0.3046875,0.001953125,0.458984375,0.224609375,0.3046875,0.998046875,0.458984375,1.8773189807417374,0.07699941131948529,0.003666638634261206
durum_idle,512,512,"[159, 402, 308, 510]",1,0.2109375,0.291015625,0.00390625,0.4560546875,0.2109375,0.291015625,0.99609375,0.4560546875,1.9989970628268499,0.08784655061250807,0.007808582276667382
durum_mutlu,512,512,"[163, 396, 334, 511]",1,0.224609375,0.333984375,0.001953125,0.4853515625,0.224609375,0.333984375,0.998046875,0.4853515625,1.8773189807417374,0.027499789756959048,0.003666638634261206
durum_saskin,512,512,"[163, 402, 329, 511]",1,0.212890625,0.32421875,0.001953125,0.48046875,0.212890625,0.32421875,0.998046875,0.48046875,1.980657640232108,0.03868471953578334,0.003868471953578336
durum_uyku,512,512,"[156, 414, 316, 511]",1,0.189453125,0.3125,0.001953125,0.4609375,0.189453125,0.3125,0.998046875,0.4609375,2.225687451394843,0.08694091607011106,0.004347045803505553
gecis_kayma,517,460,"[75, 66, 442, 459]",1,0.8543478260869565,0.7098646034816247,0.002173913043478261,0.5,0.7601547388781431,0.7098646034816247,0.9980657640232108,0.5,0.55470737913486,0.0,0.0010729349693130994
gecis_kompakt,517,460,"[114, 175, 403, 459]",1,0.6173913043478261,0.5589941972920697,0.002173913043478261,0.5,0.5493230174081238,0.5589941972920697,0.9980657640232108,0.5,0.7676056338028168,0.0,0.001484730432887493
idle_goz_acilis,517,460,"[130, 241, 387, 459]",1,0.47391304347826085,0.49709864603481624,0.002173913043478261,0.5,0.42166344294003866,0.49709864603481624,0.9980657640232108,0.5,1.0,0.0,0.0019342359767892114
idle_goz_kapali,517,460,"[129, 244, 387, 459]",1,0.4673913043478261,0.4990328820116054,0.002173913043478261,0.4990328820116054,0.4158607350096712,0.4990328820116054,0.9980657640232108,0.4990328820116054,1.0139534883720929,0.0009806126580000907,0.0019612253160002234
idle_nefes,517,460,"[131, 219, 385, 459]",1,0.5217391304347826,0.4912959381044487,0.002173913043478261,0.4990328820116054,0.46421663442940037,0.4912959381044487,0.9980657640232108,0.4990328820116054,0.9083333333333333,0.0008784655061250812,0.0017569310122502004
idle_normal,517,460,"[130, 241, 387, 459]",1,0.47391304347826085,0.49709864603481624,0.002173913043478261,0.5,0.42166344294003866,0.49709864603481624,0.9980657640232108,0.5,1.0,0.0,0.0019342359767892114
idle_sag,517,460,"[119, 234, 381, 459]",1,0.4891304347826087,0.5067698259187621,0.002173913043478261,0.4835589941972921,0.43520309477756286,0.5067698259187621,0.9980657640232108,0.4835589941972921,0.9688888888888888,0.015929507844401447,0.0018740597464002135
idle_sol,517,460,"[131, 239, 387, 459]",1,0.4782608695652174,0.4951644100580271,0.002173913043478261,0.5009671179883946,0.425531914893617,0.4951644100580271,0.9980657640232108,0.5009671179883946,0.9909090909090909,-0.0009583260066818866,0.0019166520133638548
ozel_bas_donmesi,517,460,"[44, 44, 463, 459]",1,0.9021739130434783,0.8104448742746615,0.002173913043478261,0.49032882011605416,0.8027079303675049,0.8104448742746615,0.9980657640232108,0.49032882011605416,0.525301204819277,0.005080282445060702,0.0010160564890121639
ozel_dosya_tut,517,460,"[33, 80, 466, 459]",1,0.8239130434782609,0.8375241779497099,0.002173913043478261,0.4825918762088975,0.7330754352030948,0.8375241779497099,0.9980657640232108,0.4825918762088975,0.5751978891820579,0.01001311605926214,0.0011125684510291504
ozel_dosya_yakala,517,460,"[23, 7, 492, 459]",1,0.9826086956521739,0.90715667311412,0.002173913043478261,0.49806576402321084,0.874274661508704,0.90715667311412,0.9980657640232108,0.49806576402321084,0.4823008849557522,0.0009328837233186782,0.0009328837233186904
ozel_sessiz,517,460,"[46, 78, 488, 459]",1,0.8282608695652174,0.8549323017408124,0.002173913043478261,0.5164410058027079,0.7369439071566731,0.8549323017408124,0.9980657640232108,0.5164410058027079,0.5721784776902886,-0.009407189671890581,0.0011067281966930394
ozel_veda,517,460,"[45, 103, 483, 459]",1,0.7739130434782608,0.8471953578336557,0.002173913043478261,0.5106382978723404,0.688588007736944,0.8471953578336557,0.9980657640232108,0.5106382978723404,0.6123595505617977,-0.006514463303848861,0.0011844478734271012
ozel_yogun,517,460,"[17, 68, 484, 459]",1,0.85,0.9032882011605415,0.002173913043478261,0.48452611218568664,0.7562862669245648,0.9032882011605415,0.9980657640232108,0.48452611218568664,0.557544757033248,0.008627385021791056,0.001078423127723908
simge,512,512,"[34, 185, 402, 511]",1,0.63671875,0.71875,0.001953125,0.42578125,0.63671875,0.71875,0.998046875,0.42578125,0.6622444257217786,0.04915095347153825,0.0012934461439878487
tepki_basari,517,460,"[117, 228, 399, 459]",1,0.5021739130434782,0.5454545454545454,0.002173913043478261,0.4990328820116054,0.44680851063829785,0.5454545454545454,0.9980657640232108,0.4990328820116054,0.9437229437229437,0.0009126914349351645,0.001825382869870338
tepki_dinleme,517,460,"[122, 214, 386, 459]",1,0.532608695652174,0.5106382978723404,0.002173913043478261,0.4912959381044487,0.4738878143133462,0.5106382978723404,0.9980657640232108,0.4912959381044487,0.889795918367347,0.007744838747878291,0.0017210752773063188
tepki_dusunme,517,460,"[105, 212, 390, 459]",1,0.5369565217391304,0.5512572533849129,0.002173913043478261,0.4787234042553192,0.47775628626692457,0.5512572533849129,0.9980657640232108,0.4787234042553192,0.8825910931174088,0.018778533896115057,0.0017071394451014092
tepki_goz_kirpma,517,460,"[117, 213, 400, 459]",1,0.5347826086956522,0.5473887814313346,0.002173913043478261,0.5,0.4758220502901354,0.5473887814313346,0.9980657640232108,0.5,0.8861788617886178,0.0,0.0017140790363416587
tepki_hata,517,460,"[114, 240, 383, 459]",1,0.47608695652173916,0.5203094777562862,0.002173913043478261,0.48065764023210833,0.42359767891682787,0.5203094777562862,0.9980657640232108,0.48065764023210833,0.9954337899543378,0.01925403849041274,0.0019254038490413153
tepki_konusma,517,460,"[115, 218, 399, 459]",1,0.5239130434782608,0.5493230174081238,0.002173913043478261,0.49709864603481624,0.4661508704061896,0.5493230174081238,0.9980657640232108,0.49709864603481624,0.904564315352697,0.0026244612631122766,0.0017496408420748881
tepki_mutlu,517,460,"[115, 228, 401, 459]",1,0.5021739130434782,0.5531914893617021,0.002173913043478261,0.4990328820116054,0.44680851063829785,0.5531914893617021,0.9980657640232108,0.4990328820116054,0.9437229437229437,0.0009126914349351645,0.001825382869870338
tepki_uyari,517,460,"[109, 220, 386, 459]",1,0.5195652173913043,0.5357833655705996,0.002173913043478261,0.4787234042553192,0.4622823984526112,0.5357833655705996,0.9980657640232108,0.4787234042553192,0.9121338912133891,0.019407104068369985,0.001764282188033674
tepki_uyku,517,460,"[113, 235, 399, 459]",1,0.48695652173913045,0.5531914893617021,0.002173913043478261,0.4951644100580271,0.4332688588007737,0.5531914893617021,0.9980657640232108,0.4951644100580271,0.9732142857142856,0.004706065211384336,0.0018824260845537858
uyan_dikkat,517,460,"[106, 201, 410, 459]",1,0.5608695652173913,0.5880077369439072,0.002173913043478261,0.4990328820116054,0.4990328820116054,0.5880077369439072,0.9980657640232108,0.4990328820116054,0.8449612403100775,0.0008171772150000756,0.0016343544300001863
uyan_gizli,517,460,"[107, 333, 409, 459]",1,0.27391304347826084,0.5841392649903289,0.002173913043478261,0.4990328820116054,0.2437137330754352,0.5841392649903289,0.9980657640232108,0.4990328820116054,1.73015873015873,0.001673267630714459,0.003346535261428953
uyan_gozukme,517,460,"[106, 266, 410, 459]",1,0.41956521739130437,0.5880077369439072,0.002173913043478261,0.4990328820116054,0.3733075435203095,0.5880077369439072,0.9980657640232108,0.4990328820116054,1.1295336787564767,0.0010923923392229251,0.002184784678445845
uyan_tam,517,460,"[95, 186, 421, 459]",1,0.5934782608695652,0.6305609284332688,0.002173913043478261,0.4990328820116054,0.528046421663443,0.6305609284332688,0.9980657640232108,0.4990328820116054,0.7985347985347985,0.0007722773680220452,0.0015445547360441322
uyan_yukselme,517,460,"[106, 201, 410, 459]",1,0.5608695652173913,0.5880077369439072,0.002173913043478261,0.4990328820116054,0.4990328820116054,0.5880077369439072,0.9980657640232108,0.4990328820116054,0.8449612403100775,0.0008171772150000756,0.0016343544300001863
uyan_yuzme,517,460,"[119, 203, 398, 451]",1,0.5391304347826087,0.539651837524178,0.01956521739130435,0.5,0.4796905222437137,0.539651837524178,0.9825918762088974,0.5,0.8790322580645161,0.0,0.015302302364759516
durum/basari,426,240,"[0, 0, 426, 240]",80,1.0,1.0,0.0,0.5,0.5633802816901409,1.0,1.0,0.5,0.7484526112185685,0.0,0.0
durum/bekleme,242,240,"[17, 11, 231, 240]",6,0.9541666666666667,0.8842975206611571,0.0,0.512396694214876,0.9462809917355371,0.8842975206611571,1.0,0.512396694214876,0.44560066895846884,-0.005523975235022349,0.0
durum/bosta_nefes,245,240,"[8, 6, 237, 240]",80,0.975,0.9346938775510204,0.0,0.5,0.9551020408163265,0.9346938775510204,1.0,0.5,0.44148522871927126,0.0,0.0
durum/calisma_yazma,184,240,"[3, 3, 182, 240]",80,0.9875,0.9728260869565217,0.0,0.5027173913043478,0.9875,0.7458333333333333,1.0,0.5020833333333333,0.4270009548759885,-0.0008895853226582595,0.0
durum/dinleme,233,240,"[7, 7, 227, 240]",80,0.9708333333333333,0.944206008583691,0.0,0.5021459227467812,0.9708333333333333,0.9166666666666666,1.0,0.5020833333333333,0.43433144337171364,-0.0009048571736910427,0.0
durum/dosya_yakalama,347,240,"[3, 3, 347, 240]",80,0.9875,0.9913544668587896,0.0,0.5043227665706052,0.6829971181556196,0.9913544668587896,1.0,0.5043227665706052,0.6173722139248667,-0.0026687559679748896,0.0
durum/dusunme,253,240,"[8, 5, 249, 240]",80,0.9791666666666666,0.9525691699604744,0.0,0.5079051383399209,0.9288537549407114,0.9525691699604744,1.0,0.5079051383399209,0.4539610683567225,-0.0035886250462981995,0.0
durum/dusunme_masa,275,240,"[8, 6, 268, 240]",64,0.975,0.9454545454545454,0.0,0.5018181818181818,0.850909090909091,0.9454545454545454,1.0,0.5018181818181818,0.49554464448081464,-0.0009009902626924138,0.0
durum/gulumseme,242,240,"[15, 9, 232, 240]",14,0.9625,0.8966942148760331,0.0,0.5103305785123967,0.9545454545454546,0.8966942148760331,1.0,0.5103305785123967,0.4417426545086119,-0.004563457174675767,0.0
durum/hata,213,240,"[3, 3, 210, 240]",80,0.9875,0.971830985915493,0.0,0.5,0.9875,0.8625,1.0,0.5,0.4270009548759885,0.0,0.0
durum/inis,176,240,"[4, 0, 172, 240]",64,1.0,0.9545454545454546,0.0,0.5,1.0,0.7,1.0,0.5,0.42166344294003866,0.0,0.0
durum/inis_oturma,168,240,"[7, 0, 163, 234]",64,0.975,0.9285714285714286,0.025,0.5059523809523809,0.975,0.65,0.975,0.5041666666666667,0.43247532609234735,-0.0018019805253848276,0.010811883152308693
durum/kalkis,426,240,"[97, 8, 425, 232]",32,0.9333333333333333,0.7699530516431925,0.03333333333333333,0.6126760563380281,0.5258215962441315,0.7699530516431925,0.9812206572769953,0.6126760563380281,0.8019135120198949,-0.09035645205857967,0.01505940867642999
durum/kitap_buyu,351,240,"[32, 9, 217, 234]",32,0.9375,0.5270655270655271,0.025,0.3547008547008547,0.6410256410256411,0.5270655270655271,0.9829059829059829,0.35470085470085466,0.6577949709864602,0.0955770470664088,0.011244358478401063
durum/kitap_selam,283,240,"[0, 0, 281, 238]",61,0.9916666666666667,0.9929328621908127,0.008333333333333333,0.49646643109540634,0.8409893992932862,0.9929328621908127,0.9929328621908127,0.49646643109540634,0.5013897241681973,0.0017716951384035284,0.003543390276807073
durum/konusma,241,240,"[3, 0, 241, 240]",64,1.0,0.9875518672199171,0.0,0.5062240663900415,0.995850622406639,0.9875518672199171,1.0,0.5062240663900415,0.4234203739522888,-0.002635396518375188,0.0
durum/kota_doldu,158,240,"[6, 7, 152, 234]",64,0.9458333333333333,0.9240506329113924,0.025,0.5,0.9458333333333333,0.6083333333333333,0.975,0.5,0.4458115696282347,0.0,0.011145289240705878
durum/masa_cikis,242,240,"[10, 14, 235, 240]",21,0.9416666666666667,0.9297520661157025,0.0,0.506198347107438,0.9338842975206612,0.9297520661157025,1.0,0.506198347107438,0.4515157220862361,-0.0027986511699560346,0.0
durum/onay_bekleme,237,240,"[3, 3, 234, 240]",80,0.9875,0.9746835443037974,0.0,0.5,0.9875,0.9625,1.0,0.5,0.4270009548759885,0.0,0.0
durum/sasirma,242,240,"[15, 9, 231, 240]",7,0.9625,0.8925619834710744,0.0,0.5082644628099173,0.9545454545454546,0.8925619834710744,1.0,0.5082644628099173,0.4417426545086119,-0.003650765739740547,0.0
durum/selam_masa,312,240,"[9, 8, 300, 240]",64,0.9666666666666667,0.9326923076923077,0.0,0.4951923076923077,0.7435897435897436,0.9326923076923077,1.0,0.4951923076923077,0.5670646301607416,0.002726272260388185,0.0
durum/ucus,242,240,"[6, 7, 236, 235]",8,0.95,0.9504132231404959,0.020833333333333332,0.5,0.9421487603305785,0.9504132231404959,0.9793388429752066,0.5,0.44755505785740946,0.0,0.009247005327632446
durum/uyanma,339,240,"[3, 3, 336, 240]",64,0.9875,0.9823008849557522,0.0,0.5,0.6991150442477876,0.9823008849557522,1.0,0.5,0.6031388487623338,0.0,0.0
durum/uyku_masa,295,240,"[7, 7, 283, 240]",80,0.9708333333333333,0.9355932203389831,0.0,0.4915254237288136,0.7898305084745763,0.9355932203389831,1.0,0.4915254237288136,0.5338657324777314,0.004524285868455324,0.0
durum/veda,219,240,"[9, 5, 213, 240]",54,0.9791666666666666,0.9315068493150684,0.0,0.5068493150684932,0.9791666666666666,0.85,1.0,0.50625,0.43063500555578416,-0.002691468784723594,0.0
durum/veda_yakin,214,240,"[3, 6, 207, 240]",53,0.975,0.9532710280373832,0.0,0.49065420560747663,0.975,0.85,1.0,0.49166666666666664,0.43247532609234735,0.0036039610507695996,0.0
durum/yatay_suzulme,258,240,"[5, 7, 251, 236]",64,0.9541666666666667,0.9534883720930233,0.016666666666666666,0.49612403100775193,0.8875968992248062,0.9534883720930233,0.9844961240310077,0.49612403100775193,0.47506187021192126,0.001841325078340783,0.007365300313363133
